school_year,job_family,employee_rows,total_fte,fte_per_1000_student_fte,base_salary,total_salary,reported_employer_compensation
2013-14,clerical/office,35,27.134,8.800825138171723,1154309.0,1233089.0,1755404.0
2014-15,clerical/office,37,26.78,8.832716010699528,1168104.0,1260928.0,1741334.0
2015-16,clerical/office,38,28.701999999999998,9.467451717711477,1326922.0,1405655.0,1940652.0
2016-17,clerical/office,38,28.644,8.864708285364133,1406989.0,1487001.0,2066486.0
2017-18,clerical/office,36,28.808,8.861600551235357,1492955.0,1604920.0,2027422.0
2018-19,clerical/office,37,29.373,8.957859360418663,1578805.0,1718219.0,2376002.0
2019-20,clerical/office,38,29.949,9.290227718994576,1678520.0,1770560.0,2551001.0
2020-21,clerical/office,36,28.542,9.749116185336362,1659997.0,1693647.0,2477794.0
2021-22,clerical/office,37,29.434,10.002276797395616,1734173.0,1866829.0,2637165.0
2022-23,clerical/office,36,29.302,9.816250984070619,1899611.0,1954918.0,2773165.0
2023-24,clerical/office,29,23.646,8.019263052583385,1466993.0,1503483.0,2088198.0
2024-25,clerical/office,35,26.679,9.464732969582585,2213852.0,2302940.0,3283527.0
2013-14,custodial/maintenance/facilities,5,5.0,1.6217338280702667,247333.0,257841.0,353717.0
2014-15,custodial/maintenance/facilities,5,5.0,1.6491254687639145,254676.0,257899.0,355328.0
2015-16,custodial/maintenance/facilities,4,4.0,1.3194135206900532,211589.0,238217.0,327831.0
2016-17,custodial/maintenance/facilities,5,5.0,1.5473935702702368,274830.0,297467.0,410819.0
2017-18,custodial/maintenance/facilities,5,5.0,1.538045083177478,285231.0,306749.0,392794.0
2018-19,custodial/maintenance/facilities,4,4.0,1.2198766704686157,239366.0,243818.0,344798.0
2019-20,custodial/maintenance/facilities,3,2.904,0.9008254464576528,176009.0,141656.0,212604.0
2020-21,custodial/maintenance/facilities,3,3.0,1.0247126534934161,190008.0,194989.0,279037.0
2021-22,custodial/maintenance/facilities,3,3.0,1.0194615204249116,191672.0,194676.0,274761.0
2022-23,custodial/maintenance/facilities,2,2.0,0.6700055275456023,146432.0,152258.0,210934.0
2023-24,custodial/maintenance/facilities,3,3.0,1.0174147491224796,213449.0,203502.0,283988.0
2024-25,custodial/maintenance/facilities,2,2.0,0.709526816566032,166484.0,168385.0,232941.0
2013-14,district/central administration,4,4.0,1.2973870624562132,494685.0,577081.0,706563.0
2014-15,district/central administration,5,5.0,1.6491254687639145,647097.0,735916.0,899139.0
2015-16,district/central administration,5,5.0,1.6492669008625664,695611.0,794465.0,985822.0
2016-17,district/central administration,6,6.0,1.8568722843242842,839519.0,958251.0,1168482.0
2017-18,district/central administration,5,5.0,1.538045083177478,772976.0,948306.0,1136545.0
2018-19,district/central administration,5,5.0,1.5248458380857695,799114.0,983624.0,1211582.0
2019-20,district/central administration,4,4.0,1.2408064000794115,686162.0,803098.0,1006939.0
2020-21,district/central administration,5,5.0,1.707854422489027,877889.0,1003335.0,1264623.0
2021-22,district/central administration,5,5.0,1.6991025340415191,926309.0,1097235.0,1354118.0
2022-23,district/central administration,3,3.0,1.0050082913184033,612971.0,656085.0,821876.0
2023-24,district/central administration,3,2.919,0.9899445508961728,635209.0,712857.0,858478.0
2024-25,district/central administration,4,4.0,1.419053633132064,880885.0,926533.0,1140468.0
2013-14,other certificated instructional,19,17.667,5.73023430810348,947451.0,1257015.0,1657637.0
2014-15,other certificated instructional,19,18.1,5.969834196925372,947732.0,1270756.0,1678631.0
2015-16,other certificated instructional,21,19.2,6.333184899312255,1019538.0,1386148.0,1858331.0
2016-17,other certificated instructional,23,21.367,6.612631683192831,1153789.0,1605290.0,2134242.0
2017-18,other certificated instructional,24,21.6,6.644354759326705,1180590.0,1679774.0,2127166.0
2018-19,other certificated instructional,25,21.542,6.56964580880873,1576234.0,1901205.0,2539162.0
2019-20,other certificated instructional,23,20.66,6.408765056410161,1633655.0,1962133.0,2633929.0
2020-21,other certificated instructional,26,23.395,7.991050842826158,2016034.0,2473343.0,3316137.0
2021-22,other certificated instructional,28,27.017,9.180930632439944,2354288.0,2915823.0,3850713.0
2022-23,other certificated instructional,28,27.489,9.20889097335053,2672018.0,3201793.0,4256477.0
2023-24,other certificated instructional,30,28.98,9.828226476523154,2802827.0,3293284.0,4260433.0
2024-25,other certificated instructional,28,25.707,9.119902936731494,2664624.0,3161316.0,4136436.0
2013-14,other classified,60,39.168,12.70401411557124,1691313.0,1872673.0,2621102.0
2014-15,other classified,60,39.624,13.06898951486027,1756670.0,1885334.0,2654985.0
2015-16,other classified,63,41.26,13.609750465917898,1878841.0,1994878.0,2788216.0
2016-17,other classified,63,40.165,12.430212549980812,1879984.0,2034009.0,2839513.0
2017-18,other classified,67,45.375,13.957759129835614,2262930.0,2435967.0,3170963.0
2018-19,other classified,69,46.308,14.122512214015163,2367490.0,2524017.0,3561900.0
2019-20,other classified,67,43.933,13.628086893672197,2396197.0,2600813.0,3783382.0
2020-21,other classified,68,42.474,14.507881748159786,2508521.0,2639542.0,3966735.0
2021-22,other classified,68,46.607,15.838014360814618,2878490.0,3158320.0,4537726.0
2022-23,other classified,70,47.123,15.786335237265705,3294291.0,3502803.0,5051477.0
2023-24,other classified,67,48.748,16.53231139674088,3536622.0,3635708.0,5138664.0
2024-25,other classified,74,49.946,17.719013190103517,4029005.0,4297222.0,6217097.0
2013-14,paraeducators/instructional aides,59,30.914,10.026855912192845,1014041.0,1096581.0,1646008.0
2014-15,paraeducators/instructional aides,66,35.129,11.586425718441511,1181864.0,1286213.0,1867620.0
2015-16,paraeducators/instructional aides,66,33.791,11.146075569409396,1183996.0,1299267.0,1816215.0
2016-17,paraeducators/instructional aides,65,34.067,10.543011351679233,1225152.0,1350627.0,1916873.0
2017-18,paraeducators/instructional aides,63,33.937,10.439327197558812,1292130.0,1366628.0,1820765.0
2018-19,paraeducators/instructional aides,62,33.314,10.159742849997865,1274837.0,1354246.0,1941110.0
2019-20,paraeducators/instructional aides,65,35.681,11.068303290308371,1434060.0,1501090.0,2472814.0
2020-21,paraeducators/instructional aides,61,33.194,11.338103940020153,1403611.0,1481980.0,2494224.0
2021-22,paraeducators/instructional aides,59,32.123,10.916054140203144,1364015.0,1409127.0,2312836.0
2022-23,paraeducators/instructional aides,53,28.725,9.622954389373712,1315814.0,1349281.0,2235872.0
2023-24,paraeducators/instructional aides,53,29.442,9.984908347888016,1393884.0,1262286.0,2134135.0
2024-25,paraeducators/instructional aides,76,35.788,12.696272855632577,1861027.0,1997293.0,3669142.0
2013-14,principals/APs,10,9.725,3.154272295596668,1060292.0,1214738.0,1518852.0
2014-15,principals/APs,10,10.0,3.298250937527829,1065038.0,1202099.0,1496068.0
2015-16,principals/APs,10,10.0,3.298533801725133,1147480.0,1220992.0,1550685.0
2016-17,principals/APs,11,10.166,3.146160607073446,1201286.0,1376331.0,1709729.0
2017-18,principals/APs,10,9.72,2.9899596416970176,1243163.0,1392262.0,1693095.0
2018-19,principals/APs,10,10.0,3.049691676171539,1360912.0,1514044.0,1909386.0
2019-20,principals/APs,11,11.0,3.4122176002183817,1567023.0,1715082.0,2218254.0
2020-21,principals/APs,10,9.892000000000001,3.3788191894522916,1466099.0,1609268.0,2081563.0
2021-22,principals/APs,11,11.0,3.7380255748913425,1640923.0,1811027.0,2307110.0
2022-23,principals/APs,11,10.9,3.651530125123532,1838997.0,2032776.0,2576518.0
2023-24,principals/APs,13,13.215,4.481711969884524,2272514.0,2455768.0,3030458.0
2024-25,principals/APs,12,11.533,4.091486387728024,2086956.0,2275827.0,2712914.0
2013-14,teachers,167,160.141,51.94121539220011,8273072.0,10817807.0,14283858.0
2014-15,teachers,164,159.992,52.76937639969524,8244877.0,10918108.0,14363587.0
2015-16,teachers,174,169.245,55.82603532729702,8960364.0,12112390.0,16033469.0
2016-17,teachers,178,173.096,53.569527487899386,9268872.0,12763842.0,16930228.0
2017-18,teachers,182,176.36700000000002,54.252079436952464,9816303.0,13733795.0,17342986.0
2018-19,teachers,185,180.555,55.06370805911522,13298823.0,15802785.0,21116699.0
2019-20,teachers,194,190.03,58.94761005177265,14383476.0,16965980.0,22862296.0
2020-21,teachers,187,181.922,62.139258449609756,14315947.0,16825824.0,22873670.0
2021-22,teachers,187,184.567,62.71965148008822,15175442.0,17964092.0,23966445.0
2022-23,teachers,177,171.712,57.52399457295522,15847169.0,18425894.0,24665856.0
2023-24,teachers,169,167.749,56.89010225018228,15995873.0,18500586.0,23846384.0
2024-25,teachers,175,171.54700000000003,60.858598400726564,17406944.0,19933768.0,26175790.0
2013-14,technical/professional support,14,0.722,0.2341783647733465,41307.0,113293.0,124421.0
2014-15,technical/professional support,20,1.2329999999999999,0.4066743405971813,91492.0,261624.0,290476.0
2015-16,technical/professional support,32,1.996,0.6583873468243365,149990.0,352968.0,409682.0
2016-17,technical/professional support,30,1.798,0.5564427278691773,140356.0,435304.0,483055.0
2017-18,technical/professional support,32,2.5540000000000003,0.7856334284870559,155798.0,384782.0,432082.0
2018-19,technical/professional support,33,3.044,0.9283261462266165,193414.0,428506.0,495382.0
2019-20,technical/professional support,37,4.027,1.2491818432799477,274687.0,521493.0,643159.0
2020-21,technical/professional support,36,3.563,1.2170170614656808,275480.0,413549.0,558702.0
2021-22,technical/professional support,35,1.864,0.6334254246906784,141592.0,411278.0,497893.0
2022-23,technical/professional support,41,2.3520000000000003,0.7879265003936283,203109.0,488433.0,600040.0
2023-24,technical/professional support,37,4.8,1.6278635985959675,429022.0,683042.0,859682.0
2024-25,technical/professional support,36,10.167,3.606879572013424,958721.0,1086064.0,1420021.0
