school_year,cpi_series,base_salary,total_salary,reported_employer_compensation,base_salary_per_student_fte,total_salary_per_student_fte,reported_employer_compensation_per_student_fte
2013-14,national_cpi_u,20295225.595986247,25077143.863839984,33545989.295957454,6582.690779465686,8133.690503074802,10880.533127467454
2013-14,seattle_cpi_u,21974722.18373548,27152359.89682388,36322030.1085501,7127.430065561989,8806.780111323555,11780.932986244487
2014-15,national_cpi_u,20860342.168072328,25915064.73379968,34429358.68492133,6880.264311299587,8547.438655434918,11355.666456102368
2014-15,seattle_cpi_u,22304675.46043503,27709378.09966813,36813186.74405254,7356.64167486338,9139.24822955435,12141.912769195833
2015-16,national_cpi_u,22232627.130438466,27907573.63275958,37171103.54841765,7333.507209090253,9205.407495179054,12261.014150188066
2015-16,seattle_cpi_u,23538077.200622126,29546243.851254046,39353707.49582299,7764.114327386778,9745.928405737484,12980.953439817587
2016-17,national_cpi_u,22841255.046102326,29299754.93340903,38955047.07053938,7068.882239048269,9067.650478890158,12055.757873305412
2016-17,seattle_cpi_u,23960205.5149068,30735095.261793867,40863382.14643174,7415.173591224051,9511.85775794861,12646.346958576813
2017-18,national_cpi_u,23721432.724854823,30582064.18610272,38647260.488891505,7296.926593677657,9407.318690970667,11888.245794643759
2017-18,seattle_cpi_u,24711703.276975885,31858737.3928961,40260621.89189822,7601.542744418706,9800.034880677264,12384.530309300319
2018-19,national_cpi_u,28571684.766763072,33333594.239760302,44699252.76489338,8713.48292073945,10165.718488987655,13631.8939088183
2018-19,seattle_cpi_u,29566134.383134756,34493784.13666761,46255029.23124507,9016.759392481521,10519.540636125308,14106.357762759932
2019-20,national_cpi_u,30140163.813231908,34807533.83804923,47747483.09979154,9349.527039725008,10797.352689308043,14811.345654476221
2019-20,seattle_cpi_u,31064292.16586789,35874768.54534555,49211469.93055168,9636.193133336401,11128.410603108081,15265.47671178601
2020-21,national_cpi_u,29362561.75310343,33665781.77752682,46707720.542071566,10029.396189128971,11499.250859059934,15953.9974184317
2020-21,seattle_cpi_u,30176555.922747284,34599070.579567835,48002560.29475705,10307.432897630279,11818.035140664982,16396.2769780394
2021-22,national_cpi_u,29049632.89632756,33913627.516825706,45915865.74841758,9871.660973425207,11524.546090475751,15603.1527691693
2021-22,seattle_cpi_u,29594707.947336163,34549968.51000079,46777411.67411797,10056.888653507513,11740.787809279407,15895.923742279438
2022-23,national_cpi_u,29405184.68102042,33561607.81440967,45636229.13154647,9850.818137391474,11243.231374486078,15288.262887236886
2022-23,seattle_cpi_u,29518269.89205332,33690677.62109399,45811735.004339635,9888.701995629326,11286.470116444945,15347.057839680954
2023-24,national_cpi_u,29502803.47329014,33099131.270493634,43618743.35998572,10005.529131395771,11225.181445913768,14792.7842775459
2023-24,seattle_cpi_u,29445554.431176715,33034903.694231678,43534102.88580802,9986.113791455993,11203.399418117335,14764.079455278863
2024-25,national_cpi_u,32268498.0,36149348.0,48988336.0,11447.682330653686,12824.46590368883,17379.26904547357
2024-25,seattle_cpi_u,32268498.0,36149348.0,48988336.0,11447.682330653686,12824.46590368883,17379.26904547357
