school_year,employee_rows,certificated_fte,classified_fte,total_fte,base_salary,total_salary,insurance_benefits,mandatory_benefits,reported_employer_compensation,student_fte,staff_fte_per_1000_students,classified_share_of_fte,zero_fte_rows,salary_below_base_rows
2013-14,373,190.967,103.504,294.471,14923803.0,18440118.0,2949376.0,3278068.0,24667562.0,3083.12,95.5107164171359,0.3514913183301582,11,12
2014-15,386,192.525,108.333,300.858,15357550.0,19078877.0,2882734.0,3385557.0,25347168.0,3031.91,99.23051805627476,0.36008017071176435,17,15
2015-16,413,202.878,110.316,313.19399999999996,16574331.0,20804980.0,2775908.0,4130015.0,27710903.0,3031.65,103.30809954975012,0.35222896990363806,29,22
2016-17,419,210.019,110.284,320.303,17390777.0,22308122.0,3009707.0,4341598.0,29659427.0,3231.24,99.12696054765354,0.34431148006731127,25,19
2017-18,424,212.076,116.285,328.361,18502076.0,23853183.0,1171815.0,5118820.0,30143818.0,3250.88,101.00680431144797,0.35413767164797283,27,19
2018-19,430,216.528,116.608,333.13599999999997,22688995.0,26470464.0,3297261.0,5728296.0,35496021.0,3279.02,101.59620862330817,0.350031218481341,27,19
2019-20,442,225.124,117.06,342.18399999999997,24229789.0,27981905.0,4224916.0,6177557.0,38384378.0,3223.71,106.14602430119334,0.34209664975568704,29,28
2020-21,432,219.64,111.342,330.98199999999997,24713586.0,28335477.0,4648574.0,6328434.0,39312485.0,2927.65,113.05381449285262,0.3363989582515062,29,29
2021-22,433,227.015,113.597,340.61199999999997,26406904.0,30828407.0,4508568.0,6401792.0,41738767.0,2942.73,115.74694246498998,0.33350850821462547,31,24
2022-23,421,212.797,109.806,322.603,27830412.0,31764241.0,4621746.0,6806228.0,43192215.0,2985.05,108.07289660139696,0.3403750120116676,36,35
2023-24,404,212.559,109.94,322.499,28746393.0,32250516.0,4880040.0,5369864.0,42500420.0,2948.65,109.37174639241687,0.3409002818613391,30,54
2024-25,442,211.45,125.917,337.36699999999996,32268498.0,36149348.0,6962808.0,5876180.0,48988336.0,2818.78,119.68546676221625,0.37323448944324733,2,27
