job_family,baseline_employee_rows,latest_employee_rows,baseline_fte,latest_fte,fte_change,baseline_fte_per_1000_students,latest_fte_per_1000_students,intensity_change,nominal_total_salary_change
clerical/office,35,35,27.134,26.679,-0.45500000000000185,8.800825138171723,9.464732969582585,0.663907831410862,1069851.0
custodial/maintenance/facilities,5,2,5.0,2.0,-3.0,1.6217338280702667,0.709526816566032,-0.9122070115042347,-89456.0
district/central administration,4,4,4.0,4.0,0.0,1.2973870624562132,1.419053633132064,0.12166657067585085,349452.0
other certificated instructional,19,28,17.667,25.707,8.04,5.73023430810348,9.119902936731494,3.389668628628014,1904301.0
other classified,60,74,39.168,49.946,10.777999999999999,12.70401411557124,17.719013190103517,5.014999074532277,2424549.0
paraeducators/instructional aides,59,76,30.914,35.788,4.873999999999995,10.026855912192845,12.696272855632577,2.6694169434397317,900712.0
principals/APs,10,12,9.725,11.533,1.8079999999999998,3.154272295596668,4.091486387728024,0.9372140921313554,1061089.0
teachers,167,175,160.141,171.54700000000003,11.406000000000034,51.94121539220011,60.858598400726564,8.917383008526457,9115961.0
technical/professional support,14,36,0.722,10.167,9.445,0.2341783647733465,3.606879572013424,3.3727012072400773,972771.0
