district,school_year,student_fte,district_code,source_label,district_fte,district_compensation,central_fte,central_salary,central_compensation,school_admin_fte,school_admin_compensation,director_supervisor_fte_excluded,director_supervisor_compensation_excluded,unmapped_title_fte,unmapped_title_compensation,employee_rows,central_employee_rows,zero_fte_rows,salary_below_base_rows,central_fte_per_1000_students,central_compensation_per_1000_students,central_compensation_per_staff_fte,central_share_district_compensation
Riverview,2013-14,3083.12,17407,Riverview,294.47099999999995,24667562.0,4.0,577081.0,706563.0,9.725,1518852.0,3.931,472619.0,0.0,0.0,373,4,11,12,1.2973870624562132,229171.42375256238,176640.75,0.02864340626771304
Snoqualmie Valley,2013-14,5971.3,17410,Snoqualmie Valley,531.6219999999997,43545641.0,5.0,690194.0,852027.0,14.0,2007131.0,5.95,600694.0,3.0,267734.0,664,5,16,63,0.8373386029842748,142687.0195769765,170405.4,0.019566298266226006
Northshore,2013-14,19218.45,17417,Northshore,1853.3059999999925,169291791.0,15.5,2150955.0,2656128.0,48.375,7249813.0,19.0,2715794.0,3.8,437709.0,2257,16,0,113,0.8065166545689169,138207.19152689213,171363.09677419355,0.01568964439628381
Monroe,2013-14,6633.37,31103,Monroe,559.5500000000001,50466947.0,7.0,973006.0,1217266.0,16.0,2428766.0,5.0,714000.0,3.174,277778.0,694,7,17,37,1.0552705487557608,183506.42282881853,173895.14285714287,0.024120064167939465
Sultan,2013-14,1859.69,31311,Sultan,193.54999999999984,16317467.0,2.0,277059.0,361623.0,7.0,906480.0,4.0,390081.0,0.0,0.0,243,2,12,4,1.0754480585473922,194453.3766380418,180811.5,0.02216171174116669
Lakewood,2013-14,2175.13,31306,Lakewood,217.92199999999997,18512061.0,3.0,362324.0,457485.0,7.0,931902.0,4.0,360650.0,0.0,0.0,277,3,0,17,1.37922790821698,210325.3598635484,152495.0,0.02471280750425358
Granite Falls,2013-14,1944.02,31332,Granite Falls,177.7440000000001,15557693.0,2.0,261850.0,356018.0,6.0,900418.0,2.773,307191.0,0.0,0.0,239,2,19,10,1.0287960000411518,183134.9471713254,178009.0,0.0228837270410208
Tukwila,2013-14,2876.46,17406,Tukwila,292.0770000000002,23786473.0,5.0,561033.0,657745.0,8.77,1190053.0,7.885000000000001,1004562.0,3.0,240639.0,348,5,1,17,1.738247707251274,228664.74764119787,131549.0,0.027652060900327676
Orting,2013-14,2196.41,27344,Orting,215.578,16533582.0,2.885,327083.0,399301.0,7.0,917097.0,3.7110000000000003,310687.0,2.989,235519.0,272,3,12,0,1.3135070410351437,181797.11438210536,138405.89254766033,0.024150906923859572
Steilacoom Historical,2013-14,2850.27,27001,Steilacoom Hist.,277.35600000000005,21802401.0,3.0,328640.0,413053.0,9.968,1304942.0,2.0,196579.0,6.08,266704.0,345,3,29,25,1.052531865402225,144917.1481999951,137684.33333333334,0.018945298731089296
Riverview,2023-24,2948.65,17407,Riverview,322.4989999999999,42500420.0,2.919,712857.0,858478.0,13.215,3030458.0,6.931,1482140.0,0.0,0.0,404,3,30,54,0.9899445508961728,291142.7263323894,294100.03425830766,0.020199282736500016
Snoqualmie Valley,2023-24,6837.47,17410,Snoqualmie Valley,746.4360000000006,97944556.0,7.0,1582887.0,1916617.0,26.0,5616239.0,5.0,694532.0,8.0,919883.0,920,7,26,91,1.0237704882068952,280310.845970805,273802.4285714286,0.019568387241451175
Northshore,2023-24,21944.74,17417,Northshore,2448.681999999988,360583723.0,24.408,6091267.0,7205586.0,66.953,16509504.0,22.814999999999998,5274471.0,5.63,900222.0,2983,26,2,222,1.1122483109847734,328351.3953685484,295214.1101278269,0.01998311498935852
Monroe,2023-24,5312.39,31103,Monroe,606.8349999999999,83406563.0,8.0,1740297.0,2111936.0,20.769,4881414.0,9.919,1907227.0,16.799999999999997,996103.0,760,8,28,83,1.5059135342096495,397549.1257230738,263992.0,0.02532098103598874
Sultan,2023-24,1985.79,31311,Sultan,237.59499999999986,29685185.0,4.0,730986.0,905742.0,8.0,1623200.0,5.904,895157.0,0.0,0.0,300,4,14,19,2.014311684518504,456111.67343978974,226435.5,0.030511583471687982
Lakewood,2023-24,2531.58,31306,Lakewood,313.3640000000002,39644286.0,9.85,1741074.0,2151898.0,7.0,1623864.0,4.0,774591.0,3.0,438985.0,396,10,12,48,3.8908507730350212,850021.7255626922,218466.80203045686,0.054280155278871714
Granite Falls,2023-24,2183.51,31332,Granite Falls,250.8379999999998,31172028.0,3.0,622763.0,761148.0,9.865,2166735.0,4.0,733525.0,3.376,382239.0,332,3,21,27,1.3739346281903906,348589.19812595315,253716.0,0.02441766060264029
Tukwila,2023-24,2657.4900000000002,17406,Tukwila,343.47100000000006,47712741.0,5.704000000000001,1139708.0,1403552.0,8.854,1917849.0,7.2,1336575.0,7.0,1021026.0,408,6,0,42,2.146386251688624,528149.4944477683,246064.51612903224,0.029416712823101068
Orting,2023-24,2717.21,27344,Orting,288.32000000000016,35508922.0,4.0,824456.0,1011842.0,9.0,1826145.0,7.0,1140430.0,1.0,152120.0,365,4,14,30,1.472098218393131,372382.7013738356,252960.5,0.028495429965460513
Steilacoom Historical,2023-24,2797.61,27001,Steilacoom Hist.,297.37599999999986,39036709.0,3.77,725124.0,927403.0,12.140000000000004,2541504.0,2.6759999999999997,464098.0,5.0,418292.0,364,4,27,39,1.347578826212374,331498.3146328473,245995.49071618036,0.02375720248343681
Riverview,2024-25,2818.78,17407,Riverview,337.36700000000013,48988336.0,4.0,926533.0,1140468.0,11.533,2712914.0,7.739,1753096.0,0.0,0.0,442,4,2,27,1.419053633132064,404596.31471771473,285117.0,0.023280398827998566
Snoqualmie Valley,2024-25,6801.25,17410,Snoqualmie Valley,750.3480000000014,104304345.0,8.0,1839153.0,2236824.0,25.601,5783574.0,4.827,745722.0,15.707,2004925.0,923,8,23,60,1.1762543650064328,328884.2492188936,279603.0,0.021445166066667694
Northshore,2024-25,21571.74,17417,Northshore,2415.1609999999846,367080778.0,21.316,5339376.0,6360893.0,61.98599999999999,15787164.0,25.0,5899209.0,8.43,1307235.0,2945,22,0,211,0.9881446744676136,294871.5773507375,298409.31694501784,0.017328319490485553
Monroe,2024-25,5437.42,31103,Monroe,616.8119999999999,88241359.0,5.0,1145857.0,1392088.0,18.45,4537328.0,11.0,2205599.0,14.287999999999998,666389.0,801,5,47,80,0.9195537589518559,256019.9506383542,278417.6,0.015775912970696655
Sultan,2024-25,2038.6,31311,Sultan,227.6519999999999,31003669.0,3.926,875718.0,1064231.0,8.0,1787777.0,5.0,837365.0,0.0,0.0,282,4,3,20,1.9258314529579126,522040.125576376,271072.59296994394,0.03432596961346736
Lakewood,2024-25,2564.66,31306,Lakewood,309.82500000000005,41681604.0,8.834,1844828.0,2283805.0,7.0,1683841.0,4.0,789153.0,1.233,184821.0,408,10,22,44,3.4445111632731047,890490.357396302,258524.45098483135,0.0547916774028178
Granite Falls,2024-25,2163.95,31332,Granite Falls,252.78799999999984,32568654.0,3.0,668223.0,818732.0,7.0,1460333.0,4.0,744126.0,3.0,291666.0,335,3,22,38,1.3863536588183647,378350.70126389246,272910.6666666667,0.025138650187999788
Tukwila,2024-25,2643.09,17406,Tukwila,297.95300000000015,44182854.0,4.984999999999999,919410.0,1157493.0,8.0,1744767.0,8.5,1562315.0,2.7439999999999998,413285.0,387,5,30,42,1.8860500399154017,437931.7389873216,232195.18555667004,0.026197787042005028
Orting,2024-25,2741.87,27344,Orting,293.3390000000001,37665590.0,4.0,900460.0,1099402.0,9.0,1988073.0,7.0,1230580.0,1.8,189955.0,384,4,21,28,1.4588583703822573,400967.95252874866,274850.5,0.02918849804290866
Steilacoom Historical,2024-25,2775.08,27001,Steilacoom Hist.,291.44599999999986,39894413.0,3.0,647023.0,798641.0,11.0,2366215.0,2.0,335787.0,4.0,357679.0,355,3,27,30,1.0810499156781066,287790.2619023596,266213.6666666667,0.020018868306196157
