district,district_code,school_year,student_fte,f196_full_enrollment,general_fund_expenditure,administration_activities_11_15,admin_per_1000_student_fte,admin_share_general_fund,purchased_services_districtwide
Riverview,17407,2024-25,2818.78,2987.65,59197178.87000003,3026800.69,1073798.1289777847,0.05113082663359695,6690371.069999999
Snoqualmie Valley,17410,2024-25,6801.25,7129.529999999999,132859774.68999995,4212442.06,619362.9200514611,0.03170592506143291,20396709.839999996
Northshore,17417,2024-25,21571.74,22391.21,431535452.4,9685620.739999998,448995.8037691905,0.02244455394367501,40744429.309999995
Monroe,31103,2024-25,5437.42,5710.070000000001,111787106.56999993,4170852.68,767064.6519856844,0.037310677483080354,16890860.68
Sultan,31311,2024-25,2038.6,2195.6099999999997,42686201.46000001,1783554.8699999999,874892.0190326695,0.04178293708498089,7156849.520000001
Lakewood,31306,2024-25,2564.66,2644.6899999999996,50910838.34999999,2255497.6599999997,879452.8943407703,0.044302897636334056,5327531.03
Granite Falls,31332,2024-25,2163.95,2295.59,43808603.39,1391624.27,643094.466138312,0.03176600398810386,7895110.3900000015
Tukwila,17406,2024-25,2643.09,2819.31,56424146.12000006,2014120.15,762032.374985339,0.03569606788052175,9830902.379999999
Orting,27344,2024-25,2741.87,2845.8100000000004,49602218.550000004,2216746.2399999998,808479.7018093491,0.044690465563863364,7509604.15
Steilacoom Historical,27001,2024-25,2775.08,3042.0700000000006,52276318.859999985,1859830.0,670189.6882252044,0.03557691208098964,9549619.05
Riverview,17407,2023-24,2948.65,3066.5199999999995,55851151.36000002,2680726.2,909136.7914130195,0.04799768912051304,5916832.370000002
Snoqualmie Valley,17410,2023-24,6837.47,7142.45,126800200.47000007,4086587.68,597675.4091791261,0.03222855851057471,19462588.75
Northshore,17417,2023-24,21944.74,22710.36,425765155.6599998,8807564.43,401351.96087991924,0.020686437847049637,38051603.460000016
Monroe,31103,2023-24,5312.39,5554.29,105388038.41,4083644.38,768701.9175926466,0.038748651570048705,16057561.830000004
Sultan,31311,2023-24,1985.79,2079.5,39006793.54999999,1841239.3200000003,927207.4690677264,0.04720304214802605,5870200.84
Lakewood,31306,2023-24,2531.58,2616.95,48439196.80999998,2223853.0,878444.686717386,0.04591019559475641,4905293.080000001
Granite Falls,31332,2023-24,2183.51,2304.53,41305626.11999999,1619653.26,741765.8998584846,0.039211444351300404,7061847.479999998
Tukwila,17406,2023-24,2657.4900000000002,2778.5899999999997,64380931.49000003,2709650.01,1019627.5470462729,0.04208777268811148,13762796.640000002
Orting,27344,2023-24,2717.21,2833.04,45944382.68000004,2158947.69,794545.7620132415,0.04699046029276192,6038878.89
Steilacoom Historical,27001,2023-24,2797.61,3048.98,50392336.20999999,1654176.27,591281.9406564889,0.03282594922979064,9117800.18
