district,reporting_school_count,school_admin_fte,school_admin_fte_per_reporting_school,central_fte,central_admin_fte_per_reporting_school
Riverview,7,11.533,1.6475714285714285,4.0,0.5714285714285714
Snoqualmie Valley,13,25.601,1.9693076923076922,8.0,0.6153846153846154
Northshore,36,61.98599999999999,1.721833333333333,21.316,0.592111111111111
Monroe,12,18.45,1.5374999999999999,5.0,0.4166666666666667
Sultan,8,8.0,1.0,3.926,0.49075
Lakewood,5,7.0,1.4,8.834,1.7668
Granite Falls,6,7.0,1.1666666666666667,3.0,0.5
Tukwila,5,8.0,1.6,4.984999999999999,0.9969999999999999
Orting,4,9.0,2.25,4.0,1.0
Steilacoom Historical,6,11.0,1.8333333333333333,3.0,0.5
